wavelengths,oxyhemoglobin,deoxyhemoglobin,methemoglobin,carboxyhemoglobin,eumelanin,yc1a,yc2a
450,64.8,53.92,39.2,40.28,1.905,0.24208,0.35827
451,62.14,47.54,38.39,38.82,1.8937,0.24095,0.35789
452,59.6,42.32,37.69,37.52,1.8824,0.24022,0.35773
453,57.32,37.88,37.07,36.34,1.8713,0.24009,0.35778
454,55.2,34.08,36.51,35.24,1.8603,0.24075,0.35802
455,53.16,30.84,35.98,34.2,1.8494,0.24238,0.35847
456,51.24,28.09,35.5,33.24,1.8387,0.24495,0.35912
457,49.49,25.74,35.08,32.38,1.8281,0.24805,0.35997
458,47.84,23.73,34.7,31.59,1.8177,0.25127,0.36101
459,46.22,22,34.33,30.83,1.8074,0.25423,0.36224
460,44.68,20.52,33.98,30.12,1.7973,0.25694,0.36369
461,43.3,19.27,33.68,29.47,1.7874,0.25966,0.36601
462,42,18.21,33.4,28.87,1.7776,0.26245,0.3706
463,40.72,17.28,33.11,28.28,1.768,0.26489,0.37886
464,39.5,16.48,32.84,27.73,1.7585,0.2665,0.39014
465,38.38,15.81,32.63,27.23,1.7491,0.2668,0.40083
466,37.33,15.25,32.43,26.76,1.7399,0.26532,0.40715
467,36.31,14.79,32.22,26.31,1.7308,0.2622,0.40528
468,35.34,14.41,32.03,25.88,1.7217,0.25864,0.39141
469,34.45,14.09,31.91,25.48,1.7128,0.25597,0.36188
470,33.6,13.83,31.82,25.1,1.704,0.25433,0.33063
471,32.77,13.62,31.71,24.73,1.6952,0.25159,0.31572
472,31.97,13.46,31.63,24.39,1.6865,0.24528,0.31234
473,31.24,13.35,31.62,24.09,1.6779,0.23332,0.31505
474,30.55,13.27,31.65,23.81,1.6693,0.22034,0.31838
475,29.87,13.22,31.68,23.53,1.6608,0.21206,0.31687
476,29.21,13.19,31.74,23.26,1.6524,0.20634,0.30597
477,28.6,13.19,31.86,23.04,1.644,0.20031,0.28681
478,28.01,13.21,32,22.84,1.6356,0.19227,0.275
479,27.43,13.25,32.14,22.64,1.6272,0.18285,0.269
480,26.89,13.29,32.3,22.46,1.6188,0.17344,0.25959
481,26.4,13.34,32.53,22.31,1.6105,0.16598,0.24777
482,25.93,13.41,32.77,22.17,1.6022,0.16094,0.23835
483,25.46,13.51,32.99,22.01,1.5938,0.15754,0.23181
484,25.02,13.62,33.22,21.86,1.5854,0.15505,0.22734
485,24.65,13.74,33.5,21.73,1.5771,0.15311,0.22416
486,24.29,13.86,33.79,21.61,1.5687,0.1514,0.22146
487,23.91,13.99,34.03,21.48,1.5602,0.14962,0.21862
488,23.55,14.15,34.28,21.36,1.5518,0.14762,0.21563
489,23.24,14.33,34.57,21.26,1.5434,0.14547,0.2126
490,22.96,14.53,34.86,21.17,1.5349,0.14325,0.20966
491,22.67,14.73,35.09,21.08,1.5264,0.14103,0.20692
492,22.38,14.94,35.31,21.01,1.5179,0.13891,0.2045
493,22.13,15.18,35.56,20.97,1.5094,0.13692,0.20239
494,21.89,15.44,35.79,20.94,1.5009,0.1351,0.20048
495,21.64,15.71,35.94,20.91,1.4924,0.13346,0.19863
496,21.41,15.99,36.07,20.9,1.4839,0.13203,0.19672
497,21.21,16.3,36.22,20.92,1.4753,0.13083,0.19462
498,21.02,16.63,36.35,20.97,1.4668,0.12986,0.1922
499,20.82,16.97,36.41,21.03,1.4582,0.12904,0.18936
500,20.62,17.32,36.42,21.12,1.4496,0.12827,0.18619
501,20.45,17.7,36.43,21.24,1.4411,0.12745,0.18286
502,20.28,18.1,36.39,21.38,1.4325,0.12646,0.17956
503,20.1,18.5,36.27,21.53,1.4239,0.12521,0.17645
504,19.94,18.91,36.12,21.72,1.4153,0.12368,0.1736
505,19.82,19.35,35.98,21.97,1.4067,0.12194,0.1709
506,19.71,19.79,35.8,22.25,1.3981,0.12007,0.16823
507,19.61,20.21,35.54,22.55,1.3895,0.11815,0.1655
508,19.53,20.64,35.25,22.89,1.3808,0.11624,0.16258
509,19.5,21.09,34.99,23.29,1.3722,0.11444,0.15941
510,19.51,21.53,34.7,23.76,1.3636,0.11277,0.15601
511,19.56,21.95,34.35,24.29,1.355,0.1112,0.15247
512,19.68,22.37,33.97,24.9,1.3464,0.10969,0.14887
513,19.89,22.82,33.62,25.6,1.3377,0.10821,0.14527
514,20.17,23.26,33.27,26.38,1.3291,0.10671,0.14176
515,20.51,23.68,32.88,27.25,1.3205,0.10515,0.13835
516,20.94,24.1,32.48,28.22,1.3119,0.1035,0.13508
517,21.5,24.55,32.1,29.33,1.3033,0.10176,0.13196
518,22.19,25,31.72,30.54,1.2946,0.09998,0.129
519,22.99,25.45,31.32,31.82,1.286,0.0982,0.12617
520,23.92,25.91,30.93,33.19,1.2774,0.096464,0.12348
521,25.02,26.42,30.56,34.66,1.2688,0.094804,0.12089
522,26.32,26.95,30.2,36.2,1.2602,0.09323,0.11839
523,27.84,27.48,29.82,37.78,1.2516,0.091749,0.11598
524,29.52,28.04,29.46,39.4,1.243,0.090367,0.11367
525,31.28,28.64,29.15,41.08,1.2345,0.089092,0.11146
526,33.14,29.27,28.86,42.76,1.2259,0.08793,0.10934
527,35.12,29.91,28.56,44.39,1.2173,0.086889,0.10733
528,37.21,30.58,28.27,46,1.2088,0.085972,0.10541
529,39.38,31.29,28.02,47.61,1.2003,0.085172,0.1036
530,41.56,32.04,27.78,49.16,1.1918,0.084475,0.10189
531,43.7,32.82,27.53,50.6,1.1833,0.083868,0.10027
532,45.76,33.64,27.3,51.96,1.1749,0.083337,0.098758
533,47.73,34.53,27.11,53.26,1.1664,0.08287,0.097338
534,49.56,35.46,26.91,54.44,1.158,0.082453,0.096015
535,51.23,36.42,26.68,55.42,1.1497,0.082074,0.094781
536,52.76,37.42,26.44,56.2,1.1414,0.081718,0.093632
537,54.16,38.49,26.22,56.8,1.1331,0.081374,0.092559
538,55.36,39.6,25.98,57.2,1.1248,0.081028,0.091556
539,56.28,40.73,25.7,57.32,1.1166,0.080675,0.090616
540,56.96,41.88,25.38,57.08,1.1085,0.080308,0.089731
541,57.45,43.06,25.05,56.71,1.1004,0.079921,0.088896
542,57.64,44.24,24.68,56.16,1.0923,0.079509,0.088104
543,57.42,45.37,24.25,55.34,1.0843,0.079065,0.08735
544,56.84,46.48,23.79,54.36,1.0764,0.078584,0.086632
545,55.97,47.57,23.33,53.37,1.0685,0.078064,0.085949
546,54.76,48.6,22.84,52.32,1.0607,0.077516,0.085299
547,53.18,49.52,22.31,51.16,1.053,0.076949,0.084677
548,51.36,50.36,21.75,50,1.0453,0.076371,0.084084
549,49.44,51.15,21.19,48.94,1.0377,0.075794,0.083515
550,47.48,51.84,20.64,48,1.0301,0.075226,0.08297
551,45.5,52.4,20.1,47.18,1.0227,0.074678,0.082446
552,43.6,52.84,19.58,46.5,1.0153,0.074158,0.08194
553,41.85,53.18,19.09,45.96,1.008,0.073677,0.08145
554,40.24,53.4,18.64,45.5,1.0008,0.073243,0.080975
555,38.73,53.47,18.22,45.2,0.9936,0.07286,0.080514
556,37.35,53.44,17.83,45.5,0.98654,0.072523,0.080068
557,36.16,53.35,17.49,46.09,0.97955,0.072228,0.079637
558,35.21,53.16,17.19,46.8,0.97265,0.07197,0.079222
559,34.55,52.84,16.92,47.58,0.96583,0.071744,0.078822
560,34.22,52.44,16.7,48.5,0.9591,0.071546,0.078437
561,34.22,52,16.52,49.61,0.95245,0.071371,0.078069
562,34.5,51.52,16.38,50.8,0.94589,0.071215,0.077717
563,35.08,50.97,16.26,51.98,0.93941,0.071072,0.077381
564,35.94,50.36,16.17,53.2,0.93302,0.070939,0.077062
565,37.08,49.71,16.11,54.49,0.92672,0.070811,0.07676
566,38.46,49,16.08,55.7,0.92051,0.070685,0.076476
567,40.09,48.22,16.06,56.67,0.91438,0.070561,0.076209
568,42,47.4,16.04,57.21,0.90835,0.070439,0.075959
569,44.22,46.55,16.04,57.22,0.90241,0.070318,0.075726
570,46.72,45.68,16.04,56.82,0.89656,0.070199,0.075507
571,49.42,44.77,16.04,56.15,0.89081,0.070081,0.075302
572,52.2,43.84,16.04,55.17,0.88515,0.069964,0.075108
573,54.93,42.9,16.04,53.81,0.87958,0.069848,0.074925
574,57.48,41.96,16.04,52,0.87411,0.069733,0.07475
575,59.67,41.02,16.04,49.72,0.86874,0.069618,0.074583
576,61.14,40.08,16.02,47.04,0.86346,0.069503,0.074421
577,61.6,39.16,15.99,44.09,0.85828,0.069389,0.074264
578,61.12,38.26,15.94,40.96,0.8532,0.069275,0.074109
579,59.35,37.4,15.89,37.76,0.84822,0.06916,0.073956
580,56.56,36.56,15.82,34.55,0.84334,0.069045,0.073802
581,53.15,35.74,15.72,31.4,0.83856,0.06893,0.073647
582,49.2,34.94,15.6,28.36,0.83388,0.068814,0.073488
583,44.75,34.14,15.47,25.5,0.8293,0.068698,0.073326
584,40.04,33.33,15.32,22.84,0.82483,0.068581,0.073161
585,35.36,32.49,15.16,20.41,0.82046,0.068464,0.072992
586,30.87,31.61,14.98,18.2,0.8162,0.068347,0.072821
587,26.7,30.68,14.8,16.23,0.81204,0.068229,0.072646
588,22.91,29.69,14.61,14.47,0.808,0.06811,0.072468
589,19.55,28.63,14.42,12.92,0.80405,0.067991,0.072287
590,16.62,27.5,14.23,11.56,0.80022,0.067871,0.072103
591,14.12,26.31,14.05,10.37,0.79648,0.067751,0.071916
592,12,25.08,13.87,9.32,0.79283,0.06763,0.071726
593,10.22,23.81,13.7,8.401,0.78927,0.067508,0.071533
594,8.74,22.52,13.54,7.596,0.78577,0.067386,0.071338
595,7.51,21.21,13.4,6.89,0.78234,0.067263,0.07114
596,6.496,19.9,13.28,6.268,0.77896,0.067139,0.07094
597,5.662,18.62,13.16,5.716,0.77563,0.067015,0.070737
598,4.96,17.37,13.06,5.228,0.77233,0.06689,0.070532
599,4.349,16.18,12.98,4.799,0.76906,0.066765,0.070324
600,3.836,15.04,12.91,4.416,0.76581,0.066639,0.070114
601,3.43,13.97,12.86,4.069,0.76257,0.066512,0.069902
602,3.1,12.97,12.82,3.756,0.75933,0.066385,0.069687
603,2.814,12.05,12.78,3.476,0.75608,0.066258,0.069471
604,2.564,11.22,12.76,3.224,0.75281,0.06613,0.069253
605,2.346,10.48,12.75,2.996,0.74952,0.066002,0.069032
606,2.156,9.808,12.76,2.788,0.7462,0.065874,0.06881
607,1.989,9.21,12.78,2.6,0.74283,0.065745,0.068585
608,1.84,8.676,12.8,2.428,0.73941,0.065616,0.068359
609,1.707,8.204,12.84,2.269,0.73593,0.065486,0.068132
610,1.588,7.784,12.89,2.12,0.73238,0.065357,0.067902
611,1.481,7.408,12.95,1.979,0.72875,0.065227,0.067672
612,1.384,7.072,13.03,1.858,0.72503,0.065097,0.067439
613,1.298,6.773,13.13,1.765,0.72121,0.064967,0.067205
614,1.22,6.508,13.25,1.688,0.71729,0.064836,0.06697
615,1.149,6.271,13.38,1.612,0.71326,0.064706,0.066734
616,1.084,6.056,13.52,1.536,0.7091,0.064575,0.066496
617,1.023,5.857,13.68,1.462,0.70482,0.064445,0.066257
618,0.968,5.672,13.86,1.392,0.70042,0.064314,0.066017
619,0.9181,5.5,14.05,1.326,0.69591,0.064183,0.065776
620,0.872,5.344,14.23,1.264,0.6913,0.064053,0.065534
621,0.8282,5.206,14.41,1.205,0.68661,0.063922,0.065291
622,0.788,5.08,14.6,1.148,0.68184,0.063791,0.065047
623,0.7527,4.961,14.8,1.094,0.67701,0.063661,0.064803
624,0.72,4.848,14.98,1.044,0.67212,0.063531,0.064557
625,0.6876,4.745,15.13,0.9971,0.66719,0.063401,0.064311
626,0.656,4.652,15.26,0.952,0.66223,0.063271,0.064065
627,0.6265,4.569,15.39,0.9075,0.65724,0.063141,0.063818
628,0.6,4.48,15.5,0.864,0.65224,0.063012,0.06357
629,0.5769,4.375,15.58,0.8225,0.64724,0.062882,0.063323
630,0.556,4.266,15.62,0.784,0.64225,0.062753,0.063074
631,0.5358,4.168,15.63,0.7489,0.63728,0.062625,0.062826
632,0.516,4.088,15.6,0.716,0.63233,0.062497,0.062577
633,0.4967,4.03,15.53,0.6838,0.62743,0.062369,0.062329
634,0.48,3.984,15.42,0.652,0.62258,0.062241,0.06208
635,0.4673,3.94,15.27,0.6208,0.61779,0.062114,0.061831
636,0.456,3.896,15.07,0.592,0.61307,0.061988,0.061583
637,0.4437,3.852,14.81,0.567,0.60844,0.061862,0.061334
638,0.432,3.812,14.48,0.544,0.60389,0.061736,0.061086
639,0.423,3.777,14.1,0.5213,0.59946,0.061611,0.060838
640,0.416,3.744,13.66,0.5,0.59513,0.061487,0.06059
641,0.4098,3.711,13.17,0.4813,0.59093,0.061363,0.060343
642,0.404,3.68,12.63,0.464,0.58687,0.06124,0.060096
643,0.399,3.653,12.05,0.4472,0.58295,0.061117,0.05985
644,0.396,3.628,11.44,0.432,0.57919,0.060996,0.059604
645,0.3958,3.604,10.8,0.4195,0.57557,0.060874,0.059359
646,0.396,3.58,10.16,0.408,0.57209,0.060754,0.059115
647,0.3943,3.558,9.54,0.3958,0.56874,0.060634,0.058872
648,0.392,3.536,8.956,0.384,0.56552,0.060515,0.058629
649,0.3912,3.513,8.415,0.3738,0.56242,0.060397,0.058388
650,0.392,3.492,7.884,0.364,0.55944,0.06028,0.058147
651,0.394,3.474,7.34,0.3537,0.55656,0.060164,0.057908
652,0.396,3.456,6.816,0.344,0.55379,0.060049,0.05767
653,0.3967,3.435,6.343,0.336,0.55111,0.059934,0.057433
654,0.396,3.408,5.872,0.328,0.54851,0.059821,0.057197
655,0.3941,3.374,5.364,0.3183,0.546,0.059708,0.056962
656,0.392,3.344,4.908,0.308,0.54357,0.059596,0.056729
657,0.3909,3.327,4.586,0.2984,0.54121,0.059486,0.056497
658,0.392,3.312,4.332,0.2899,0.53891,0.059377,0.056267
659,0.3957,3.289,4.064,0.2824,0.53666,0.059268,0.056039
660,0.4,3.26,3.78,0.276,0.53447,0.059161,0.055812
661,0.4028,3.229,3.5,0.2703,0.53232,0.059055,0.055587
662,0.404,3.196,3.232,0.264,0.53021,0.05895,0.055364
663,0.4043,3.163,2.985,0.256,0.52813,0.058846,0.055142
664,0.404,3.128,2.76,0.248,0.52607,0.058744,0.054923
665,0.4036,3.091,2.56,0.2416,0.52403,0.058643,0.054706
666,0.404,3.052,2.384,0.236,0.522,0.058543,0.05449
667,0.406,3.013,2.231,0.2301,0.51998,0.058444,0.054277
668,0.408,2.972,2.092,0.224,0.51796,0.058347,0.054066
669,0.4085,2.929,1.959,0.218,0.51593,0.058251,0.053857
670,0.408,2.884,1.836,0.212,0.51389,0.058156,0.053651
671,0.4075,2.84,1.729,0.206,0.51183,0.058063,0.053447
672,0.408,2.796,1.636,0.2,0.50974,0.057972,0.053245
673,0.41,2.752,1.553,0.1939,0.50761,0.057882,0.053046
674,0.412,2.708,1.48,0.188,0.50545,0.057793,0.052849
675,0.4124,2.664,1.415,0.1823,0.50325,0.057706,0.052656
676,0.412,2.62,1.356,0.1769,0.50099,0.05762,0.052465
677,0.4119,2.576,1.302,0.1717,0.49867,0.057536,0.052276
678,0.412,2.532,1.252,0.1666,0.49629,0.057454,0.052091
679,0.412,2.49,1.207,0.1618,0.49383,0.057373,0.051908
680,0.412,2.448,1.168,0.157,0.4913,0.057294,0.051729
681,0.412,2.406,1.136,0.1523,0.48868,0.057217,0.051552
682,0.412,2.364,1.108,0.1477,0.48598,0.057141,0.051379
683,0.412,2.324,1.081,0.1432,0.48319,0.057067,0.051209
684,0.412,2.284,1.056,0.1388,0.48033,0.056995,0.051042
685,0.412,2.244,1.033,0.1345,0.47739,0.056925,0.050879
686,0.412,2.204,1.012,0.1303,0.47439,0.056856,0.050719
687,0.412,2.167,0.995,0.1262,0.47134,0.056789,0.050562
688,0.412,2.132,0.98,0.1221,0.46823,0.056725,0.050409
689,0.412,2.098,0.9653,0.1183,0.46508,0.056662,0.050259
690,0.412,2.064,0.952,0.1145,0.46188,0.056601,0.050113
691,0.4121,2.031,0.9412,0.1108,0.45866,0.056542,0.049971
692,0.412,2,0.932,0.1073,0.45541,0.056485,0.049833
693,0.4116,1.97,0.9235,0.1039,0.45214,0.05643,0.049698
694,0.412,1.94,0.916,0.1006,0.44886,0.056377,0.049567
695,0.4141,1.911,0.9099,0.09746,0.44558,0.056327,0.049441
696,0.416,1.884,0.904,0.09447,0.44229,0.056278,0.049318
697,0.4161,1.86,0.8975,0.09163,0.43901,0.056231,0.0492
698,0.416,1.836,0.892,0.08893,0.43575,0.056187,0.049085
699,0.4174,1.812,0.8892,0.08639,0.4325,0.056145,0.048975
700,0.42,1.788,0.888,0.084,0.42928,0.056105,0.04887
701,0.4226,1.765,0.8867,0.08178,0.4261,0.056067,0.048768
702,0.424,1.744,0.884,0.07971,0.42295,0.056032,0.048671
703,0.4236,1.724,0.8797,0.07779,0.41985,0.055999,0.048579
704,0.424,1.704,0.876,0.07601,0.4168,0.055968,0.048491
705,0.4276,1.684,0.8752,0.07437,0.4138,0.055939,0.048408
706,0.432,1.664,0.876,0.07286,0.41088,0.055913,0.048329
707,0.4346,1.644,0.8767,0.07147,0.40802,0.05589,0.048256
708,0.436,1.624,0.876,0.0702,0.40524,0.055868,0.048187
709,0.4374,1.606,0.8736,0.06904,0.40255,0.05585,0.048123
710,0.44,1.588,0.872,0.06798,0.39995,0.055833,0.048064
711,0.4442,1.568,0.8733,0.06702,0.39744,0.055819,0.04801
712,0.448,1.548,0.876,0.06615,0.39504,0.055808,0.047962
713,0.45,1.532,0.8781,0.06536,0.39275,0.0558,0.047918
714,0.452,1.516,0.88,0.06465,0.39057,0.055793,0.04788
715,0.456,1.499,0.8823,0.064,0.38849,0.05579,0.047846
716,0.46,1.48,0.884,0.06343,0.38652,0.055789,0.047819
717,0.4621,1.462,0.8841,0.0629,0.38464,0.055791,0.047797
718,0.464,1.444,0.884,0.06243,0.38285,0.055796,0.04778
719,0.4676,1.428,0.8852,0.06201,0.38115,0.055803,0.047769
720,0.472,1.412,0.888,0.06162,0.37953,0.055813,0.047763
721,0.476,1.397,0.8922,0.06126,0.37799,0.055826,0.047763
722,0.48,1.384,0.896,0.06092,0.37652,0.055842,0.047769
723,0.4845,1.373,0.8981,0.06061,0.37512,0.05586,0.047781
724,0.488,1.36,0.9,0.0603,0.37378,0.055882,0.047799
725,0.49,1.346,0.9036,0.06,0.3725,0.055906,0.047822
726,0.4935,1.335,0.908,0.0597,0.37128,0.055933,0.047852
727,0.4982,1.325,0.9121,0.05939,0.37011,0.055964,0.047888
728,0.503,1.315,0.916,0.05909,0.36898,0.055997,0.04793
729,0.5069,1.308,0.92,0.05878,0.36789,0.056033,0.047978
730,0.5102,1.303,0.924,0.05847,0.36683,0.056072,0.048033
731,0.5133,1.298,0.9281,0.05816,0.36581,0.056114,0.048094
732,0.517,1.295,0.932,0.05784,0.36481,0.05616,0.048161
733,0.5216,1.295,0.9357,0.05753,0.36384,0.056208,0.048235
734,0.5267,1.295,0.94,0.05721,0.36288,0.05626,0.048315
735,0.532,1.296,0.9458,0.05689,0.36194,0.056315,0.048402
736,0.5371,1.303,0.952,0.05657,0.361,0.056373,0.048496
737,0.5418,1.31,0.9577,0.05625,0.36007,0.056434,0.048596
738,0.546,1.316,0.964,0.05593,0.35914,0.056499,0.048704
739,0.5498,1.328,0.972,0.05561,0.35822,0.056567,0.048818
740,0.5534,1.341,0.98,0.05528,0.35729,0.056638,0.048939
741,0.557,1.355,0.9864,0.05496,0.35637,0.056712,0.049067
742,0.561,1.37,0.992,0.05463,0.35544,0.05679,0.049202
743,0.5656,1.389,0.998,0.0543,0.3545,0.056871,0.049345
744,0.5706,1.408,1.004,0.05398,0.35356,0.056956,0.049494
745,0.576,1.427,1.01,0.05365,0.35261,0.057044,0.049651
746,0.5816,1.45,1.016,0.05332,0.35164,0.057135,0.049816
747,0.587,1.474,1.024,0.05299,0.35067,0.057231,0.049987
748,0.592,1.497,1.032,0.05266,0.34968,0.057329,0.050167
749,0.5963,1.521,1.038,0.05233,0.34867,0.057431,0.050353
750,0.6001,1.546,1.044,0.052,0.34764,0.057537,0.050548
751,0.6039,1.57,1.052,0.05167,0.34659,0.057646,0.05075
752,0.608,1.594,1.06,0.05134,0.34552,0.057759,0.05096
753,0.6128,1.614,1.068,0.05101,0.34442,0.057876,0.051178
754,0.6182,1.635,1.076,0.05068,0.3433,0.057996,0.051403
755,0.624,1.655,1.086,0.05035,0.34214,0.05812,0.051637
756,0.63,1.665,1.096,0.05002,0.34096,0.058248,0.051878
757,0.6357,1.673,1.104,0.04969,0.33974,0.05838,0.052128
758,0.641,1.682,1.112,0.04937,0.33849,0.058515,0.052386
759,0.6455,1.682,1.122,0.04904,0.3372,0.058655,0.052652
760,0.6495,1.675,1.132,0.04871,0.33588,0.058798,0.052926
761,0.6536,1.667,1.14,0.04839,0.33451,0.058945,0.053208
762,0.658,1.657,1.148,0.04806,0.3331,0.059096,0.053499
763,0.6632,1.634,1.157,0.04774,0.33165,0.05925,0.053799
764,0.669,1.612,1.168,0.04742,0.33015,0.059409,0.054107
765,0.675,1.59,1.181,0.0471,0.3286,0.059572,0.054424
766,0.681,1.558,1.192,0.04678,0.32701,0.059739,0.054749
767,0.6868,1.526,1.2,0.04646,0.32537,0.05991,0.055083
768,0.692,1.494,1.208,0.04615,0.3237,0.060085,0.055426
769,0.6966,1.459,1.222,0.04584,0.32199,0.060264,0.055778
770,0.7009,1.423,1.236,0.04552,0.32026,0.060447,0.056139
771,0.7052,1.387,1.247,0.04522,0.31849,0.060634,0.056509
772,0.71,1.351,1.256,0.04491,0.3167,0.060826,0.056887
773,0.7156,1.317,1.265,0.0446,0.31489,0.061022,0.057275
774,0.7217,1.283,1.276,0.0443,0.31306,0.061222,0.057673
775,0.728,1.248,1.288,0.044,0.31122,0.061426,
776,0.7341,1.218,1.3,0.0437,0.30937,0.061635,
777,0.7398,1.187,1.312,0.04341,0.30752,0.061847,
778,0.745,1.157,1.324,0.04312,0.30566,,
779,0.7496,1.13,1.338,0.04283,0.3038,,
780,0.7539,1.105,1.352,0.04254,0.30194,,
781,0.7582,1.08,1.366,0.04225,0.3001,,
782,0.763,1.057,1.38,0.04197,0.29826,,
783,0.7685,1.037,1.393,0.04169,0.29644,,
784,0.7746,1.017,1.406,0.04141,0.29464,,
785,0.781,0.9975,1.419,0.04113,0.29285,,
786,0.7874,0.9822,1.431,0.04086,0.29109,,
787,0.7935,0.9668,1.443,0.04059,0.28936,,
788,0.799,0.9515,1.455,0.04032,0.28766,,
789,0.8037,0.9385,1.467,0.04005,0.28599,,
790,0.8079,0.9264,1.479,0.03978,0.28435,,
791,0.8122,0.9143,1.49,0.03952,0.28275,,
792,0.817,0.9034,1.502,0.03926,0.28119,,
793,0.8227,0.8939,1.513,0.039,0.27968,,
794,0.8288,0.8844,1.525,0.03874,0.27821,,
795,0.835,0.8752,1.536,0.03848,0.27679,,
796,0.8408,0.8676,1.548,0.03823,0.27542,,
797,0.8464,0.86,1.56,0.03797,0.27411,,
798,0.852,0.8524,1.572,0.03772,0.27286,,
799,0.8579,0.8461,1.584,0.03747,0.27166,,
800,0.8637,0.8399,1.596,0.03722,0.27053,,
801,0.869,0.8338,1.609,0.03698,0.26947,,
802,0.8735,0.8285,1.621,0.03673,0.26848,,
803,0.8775,0.8237,1.634,0.03649,0.26755,,
804,0.8815,0.819,1.647,0.03624,0.26671,,
805,0.886,0.8146,1.66,0.036,0.26594,,
806,0.8913,0.8111,1.673,0.03576,0.26525,,
807,0.8971,0.8075,1.685,0.03552,0.26465,,
808,0.903,0.804,1.698,0.03528,0.26413,,
809,0.9088,0.8014,1.71,0.03505,0.2637,,
810,0.9144,0.7987,1.722,0.03481,0.26337,,
811,0.92,0.7961,1.734,0.03457,0.26312,,
812,0.9257,0.7941,1.746,0.03434,0.26298,,
813,0.9311,0.7922,1.758,0.03411,0.26294,,
814,0.936,0.7904,1.77,0.03388,0.263,,
815,0.9402,0.7888,1.782,0.03364,0.26317,,
816,0.944,0.7874,1.793,0.03341,0.26345,,
817,0.9478,0.7861,1.805,0.03318,0.26384,,
818,0.952,0.7849,1.817,0.03295,0.26435,,
819,0.957,0.7842,1.829,0.03273,0.26497,,
820,0.9624,0.7834,1.841,0.0325,0.26572,,
821,0.968,0.7827,1.853,0.03227,,,
822,0.9734,0.7822,1.865,0.03204,,,
823,0.9785,0.7817,1.878,0.03182,,,
824,0.983,0.7812,1.89,0.03159,,,
825,0.9869,0.7809,1.903,0.03137,,,
826,0.9904,0.7808,1.915,0.03114,,,
827,0.994,0.7806,1.928,0.03092,,,
828,0.998,0.7805,1.941,0.03069,,,
829,1.003,0.7804,1.953,0.03047,,,
830,1.008,0.7804,1.966,0.03024,,,
831,1.013,0.7804,1.979,0.03002,,,
832,1.018,0.7804,1.991,0.0298,,,
833,1.023,0.7804,2.004,0.02957,,,
834,1.028,0.7805,2.016,0.02935,,,
835,1.033,0.7805,2.028,0.02912,,,
836,1.038,0.7806,2.04,0.0289,,,
837,1.043,0.7807,2.051,0.02868,,,
838,1.048,0.7809,2.063,0.02845,,,
839,1.053,0.7812,2.074,0.02823,,,
840,1.057,0.7815,2.084,0.028,,,
841,1.06,0.7817,2.094,0.02777,,,
842,1.063,0.782,2.104,0.02755,,,
843,1.067,0.7823,2.113,0.02732,,,
844,1.07,0.7827,2.123,0.0271,,,
845,1.074,0.7833,2.132,0.02687,,,
846,1.079,0.7839,2.141,0.02664,,,
847,1.084,0.7845,2.15,0.02642,,,
848,1.089,0.785,2.16,0.02619,,,
849,1.093,0.7856,2.169,0.02596,,,
850,1.097,0.7861,2.178,0.02573,,,
851,1.102,0.7871,2.187,0.02551,,,
852,1.106,0.788,2.196,0.02528,,,
853,1.11,0.789,2.205,0.02505,,,
854,1.113,0.7901,2.214,0.02482,,,
855,1.116,0.7912,2.223,0.0246,,,
856,1.119,0.7923,2.232,0.02437,,,
857,1.122,0.7935,2.24,0.02414,,,
858,1.126,0.7949,2.249,0.02391,,,
859,1.13,0.7963,2.258,0.02369,,,
860,1.134,0.7977,2.267,0.02346,,,
861,1.138,0.7993,2.276,0.02323,,,
862,1.142,0.8009,2.285,0.02301,,,
863,1.146,0.8025,2.294,0.02278,,,
864,1.15,0.8044,2.303,0.02255,,,
865,1.154,0.8063,2.311,0.02233,,,
866,1.157,0.8082,2.32,0.0221,,,
867,1.16,0.8102,2.329,0.02188,,,
868,1.164,0.8122,2.338,0.02165,,,
869,1.167,0.8143,2.347,0.02143,,,
870,1.171,0.8166,2.355,0.02121,,,
871,1.174,0.8189,2.364,0.02098,,,
872,1.177,0.8213,2.373,0.02076,,,
873,1.18,0.8237,2.382,0.02054,,,
874,1.182,0.8261,2.391,0.02032,,,
875,1.184,0.8285,2.4,0.0201,,,
876,1.187,0.831,2.408,0.01988,,,
877,1.19,0.8336,2.417,0.01966,,,
878,1.193,0.8361,2.426,0.01944,,,
879,1.196,0.8387,2.435,0.01922,,,
880,1.199,0.8412,2.444,0.019,,,
881,1.201,0.8438,2.453,0.01878,,,
882,1.204,0.8463,2.462,0.01857,,,
883,1.207,0.8489,2.471,0.01835,,,
884,1.209,0.8516,2.48,0.01814,,,
885,1.212,0.8542,2.489,0.01792,,,
886,1.214,0.8568,2.498,0.01771,,,
887,1.217,0.8594,2.507,0.01749,,,
888,1.219,0.862,2.516,0.01728,,,
889,1.222,0.8645,2.525,0.01707,,,
890,1.224,0.867,2.534,0.01685,,,
891,1.226,0.8694,2.543,0.01664,,,
892,1.228,0.8718,2.551,0.01642,,,
893,1.229,0.8742,2.56,0.01621,,,
894,1.231,0.8765,2.569,0.01599,,,
895,1.232,0.8787,2.578,0.01578,,,
896,1.234,0.8807,2.587,0.01556,,,
897,1.236,0.8827,2.596,0.01535,,,
898,1.238,0.8846,2.604,0.01513,,,
899,1.24,0.8863,2.613,0.01491,,,
900,1.241,0.888,2.622,0.01469,,,
901,1.243,0.8897,2.63,0.01447,,,
902,1.245,0.891,2.639,0.01425,,,
903,1.246,0.8923,2.648,0.01403,,,
904,1.248,0.8936,2.656,0.01381,,,
905,1.25,0.8944,2.664,0.01358,,,
906,1.251,0.8952,2.673,0.01336,,,
907,1.252,0.8959,2.681,0.01313,,,
908,1.253,0.8962,2.689,0.0129,,,
909,1.254,0.8965,2.698,0.01267,,,
910,1.255,0.8968,2.706,0.01244,,,
911,1.256,0.8964,2.714,0.0122,,,
912,1.257,0.8957,2.722,0.01197,,,
913,1.258,0.8951,2.73,0.01173,,,
914,1.259,0.8942,2.738,0.01149,,,
915,1.26,0.8931,2.746,0.01125,,,
916,1.26,0.892,2.753,0.011,,,
917,1.26,0.8904,2.761,0.01076,,,
918,1.261,0.8885,2.769,0.01051,,,
919,1.261,0.8866,2.776,0.01025,,,
920,1.261,0.8844,2.784,0.01,,,
921,1.261,0.8817,2.792,0.009743,,,
922,1.262,0.879,2.799,0.009484,,,
923,1.262,0.876,2.806,0.009223,,,
924,1.262,0.8726,2.814,0.008961,,,
925,1.263,0.8691,2.821,0.008698,,,
926,1.263,0.8655,2.828,0.008435,,,
927,1.263,0.8613,2.835,0.008172,,,
928,1.263,0.8571,2.842,0.00791,,,
929,1.263,0.8528,2.849,0.007649,,,
930,1.263,0.848,2.856,0.00739,,,
931,1.263,0.8432,2.863,0.007133,,,
932,1.263,0.8382,2.869,0.006878,,,
933,1.263,0.8324,2.876,0.006627,,,
934,1.263,0.8265,2.882,0.00638,,,
935,1.262,0.8207,2.888,0.006137,,,
936,1.261,0.8143,2.894,0.005898,,,
937,1.26,0.808,2.9,0.005665,,,
938,1.259,0.8016,2.905,0.005437,,,
939,1.259,0.7945,2.911,0.005215,,,
940,1.258,0.7874,2.916,0.005,,,
941,1.258,0.7802,2.921,0.004792,,,
942,1.257,0.7727,2.926,0.004591,,,
943,1.256,0.7651,2.931,0.004397,,,
944,1.255,0.7575,2.935,0.004209,,,
945,1.254,0.7493,2.94,0.004028,,,
946,1.252,0.741,2.944,0.003853,,,
947,1.251,0.7327,2.948,0.003685,,,
948,1.25,0.7241,2.952,0.003522,,,
949,1.249,0.7154,2.956,0.003366,,,
950,1.248,0.7068,2.959,0.003216,,,
951,1.247,0.6982,2.963,0.003071,,,
952,1.246,0.6896,2.966,0.002931,,,
953,1.244,0.681,2.969,0.002798,,,
954,1.242,0.6715,2.972,0.002669,,,
955,1.241,0.6616,2.975,0.002546,,,
956,1.239,0.6517,2.978,0.002427,,,
957,1.237,0.642,2.981,0.002313,,,
958,1.235,0.6324,2.983,0.002204,,,
959,1.233,0.6229,2.986,0.0021,,,
960,1.231,0.6133,2.988,0.002,,,
961,1.228,0.6037,2.99,0.001904,,,
962,1.226,0.5941,2.992,0.001813,,,
963,1.224,0.5843,2.994,0.001725,,,
964,1.222,0.5745,2.996,0.001641,,,
965,1.22,0.5647,2.998,0.001561,,,
966,1.218,0.555,3,0.001485,,,
967,1.215,0.5453,3.002,0.001412,,,
968,1.213,0.5357,3.003,0.001342,,,
969,1.211,0.5261,3.005,0.001276,,,
970,1.209,0.5166,3.006,0.001212,,,
971,1.207,0.5071,3.008,0.001151,,,
972,1.205,0.4976,3.009,0.001093,,,
973,1.203,0.488,3.01,0.001038,,,
974,1.2,0.4785,3.012,0.0009849,,,
975,1.197,0.4691,3.013,0.0009342,,,
976,1.194,0.4597,3.014,0.0008857,,,
977,1.192,0.4504,3.015,0.0008392,,,
978,1.189,0.4413,3.016,0.0007945,,,
979,1.186,0.4323,3.017,0.0007516,,,
980,1.183,0.4233,3.018,0.0007103,,,
981,1.18,0.4146,3.019,0.0006704,,,
982,1.177,0.4061,3.02,0.0006318,,,
983,1.174,0.3975,3.021,0.0005944,,,
984,1.17,0.3892,3.022,0.0005581,,,
985,1.165,0.381,3.023,0.0005226,,,
986,1.16,0.3729,3.024,0.0004878,,,
987,1.156,0.3648,3.025,0.0004537,,,
988,1.152,0.3567,3.026,0.00042,,,
989,1.149,0.3487,3.027,0.0003866,,,
990,1.146,0.3409,3.028,0.0003534,,,
991,1.142,0.3334,3.029,0.0003202,,,
992,1.138,0.3259,3.03,0.000287,,,
993,1.134,0.3187,3.031,0.0002534,,,
994,1.13,0.3117,3.033,0.0002195,,,
995,1.126,0.3047,3.034,0.0001851,,,
996,1.122,0.2978,3.035,0.00015,,,
997,1.118,0.2909,3.036,0.0001141,,,
998,1.114,0.2841,3.037,7.718E-05,,,
999,1.11,0.2776,3.039,3.921E-05,,,
